# file	line	axiom_name
AuthKernel.lean	25	core.char.methods.Char.is_whitespace
AuthKernel.lean	32	Str.Insts.CoreFmtDisplay.fmt
AuthKernel.lean	50	core.num.U8.to_ascii_uppercase
AuthKernel.lean	57	core.num.U8.to_ascii_lowercase
AuthKernel.lean	64	core.num.U8.is_ascii_uppercase
AuthKernel.lean	71	core.num.U8.is_ascii_lowercase
AuthKernel.lean	79	core.option.Option.Insts.CoreCmpPartialEqOption.eq
AuthKernel.lean	88	core.str.Str.is_empty
AuthKernel.lean	95	core.str.Str.split_once
AuthKernel.lean	103	core.str.Str.trim
AuthKernel.lean	110	core.str.Str.strip_prefix
AuthKernel.lean	118	core.str.Str.eq_ignore_ascii_case
AuthKernel.lean	125	Str.Insts.CoreCmpPartialEqStr.eq
AuthKernel.lean	140	alloc.str.Str.to_ascii_uppercase
AuthKernel.lean	147	alloc.string.ToString.Blanket.to_string
AuthKernel.lean	233	core.str.Str.split_once_ws
BloomKernel.lean	41	core.hint.must_use
BloomKernel.lean	48	core.num.U64.div_ceil
BloomKernel.lean	56	core.ops.range.RangeInclusive.contains
BloomKernel.lean	67	core.result.Result.unwrap_or
BloomKernel.lean	75	alloc.fmt.format
BloomKernel.lean	83	alloc.string.String.Insts.CoreConvertFromShared0Str.from
CfKernel.lean	25	Slice.Insts.CoreCmpPartialEqArray.eq
CfKernel.lean	54	core.slice.iter.Iter.Insts.CoreIterTraitsIteratorIteratorSharedAT.position
CfKernel.lean	66	core.slice.Slice.starts_with
CfKernel.lean	75	core.str.Str.len
CfKernel.lean	82	core.str.Str.is_empty
CfKernel.lean	89	core.str.Str.as_bytes
CfKernel.lean	96	Str.Insts.CoreCmpPartialEqStr.eq
CfKernel.lean	131	alloc.borrow.Cow.into_owned
CfKernel.lean	142	alloc.string.String.Insts.CoreBorrowBorrowStr.borrow
CfKernel.lean	161	Str.Insts.AllocBorrowToOwnedString.to_owned
CfKernel.lean	179	alloc.string.String.Insts.CoreCmpPartialEqString.eq
CfKernel.lean	187	alloc.string.String.new
CfKernel.lean	194	alloc.string.String.from_utf8_lossy
CfKernel.lean	203	alloc.string.String.Insts.CoreConvertFromShared0Str.from
ChildrenKernel.lean	25	Shared1A.Insts.CoreCmpPartialOrdShared0B.lt
ChildrenKernel.lean	34	Shared1A.Insts.CoreCmpPartialOrdShared0B.ge
ChildrenKernel.lean	52	Slice.Insts.CoreCmpPartialOrdSlice.ge
ChildrenKernel.lean	61	Slice.Insts.CoreCmpPartialOrdSlice.lt
ChildrenKernel.lean	71	Slice.Insts.CoreCmpPartialOrdSlice.partial_cmp
ClientAxisKernel.lean	26	core.option.Option.Insts.CoreCmpPartialEqOption.eq
CompactKernel.lean	25	Isize.Insts.CoreHashHash.hash
CompactKernel.lean	33	U32.Insts.CoreHashHash.hash
CqeKernel.lean	25	core.sync.atomic.private.Align8
CqeKernel.lean	32	core.sync.atomic.Atomic
CqeKernel.lean	52	core.sync.atomic.AtomicU64Align8U64.new
CqeKernel.lean	63	core.sync.atomic.AtomicU64Align8U64.fetch_add
CrcKernel.lean	25	crc32c.crc32c
CrcKernel.lean	32	crc32c.crc32c_append
DurabilitySpineKernel.lean	25	core.iter.traits.iterator.Iterator.all.default
FailClosedKernel.lean	25	Slice.Insts.CoreCmpPartialEqArray.ne
FailClosedKernel.lean	35	Slice.Insts.CoreCmpPartialEqArray.eq
FailClosedKernel.lean	56	core.iter.traits.iterator.Iterator.all.default
FailClosedKernel.lean	68	core.iter.traits.iterator.Iterator.any.default
FailClosedKernel.lean	80	core.iter.traits.iterator.Iterator.position.default
FailClosedKernel.lean	92	core.option.Option.map
FailClosedKernel.lean	103	core.option.Option.Insts.CoreCmpPartialEqOption.eq
FailClosedKernel.lean	124	core.slice.iter.Windows
FailClosedKernel.lean	132	core.slice.iter.Windows.Insts.CoreIterTraitsIteratorIteratorSharedASlice.next
FailClosedKernel.lean	156	core.slice.Slice.windows
FailClosedKernel.lean	164	core.str.iter.Split
FailClosedKernel.lean	172	core.str.iter.Split.Insts.CoreIterTraitsIteratorIteratorSharedAStr.next
FailClosedKernel.lean	193	core.str.Str.len
FailClosedKernel.lean	200	core.str.Str.is_empty
FailClosedKernel.lean	207	core.str.Str.split
FailClosedKernel.lean	215	core.str.Str.trim
FailClosedKernel.lean	222	core.str.Str.eq_ignore_ascii_case
FailClosedKernel.lean	229	Str.Insts.CoreCmpPartialEqStr.eq
FailClosedKernel.lean	246	Str.Insts.CoreOpsIndexIndex.index
FailClosedKernel.lean	258	core.ops.range.RangeToUsize.Insts.CoreSliceIndexSliceIndexStrStr.index_mut
FailClosedKernel.lean	268	core.ops.range.RangeToUsize.Insts.CoreSliceIndexSliceIndexStrStr.index
FailClosedKernel.lean	277	core.ops.range.RangeToUsize.Insts.CoreSliceIndexSliceIndexStrStr.get_unchecked_mut
FailClosedKernel.lean	288	core.ops.range.RangeToUsize.Insts.CoreSliceIndexSliceIndexStrStr.get_unchecked
FailClosedKernel.lean	300	core.ops.range.RangeToUsize.Insts.CoreSliceIndexSliceIndexStrStr.get_mut
FailClosedKernel.lean	311	core.ops.range.RangeToUsize.Insts.CoreSliceIndexSliceIndexStrStr.get
FailClosedKernel.lean	341	core.ops.range.RangeFromUsize.Insts.CoreSliceIndexSliceIndexStrStr.index_mut
FailClosedKernel.lean	352	core.ops.range.RangeFromUsize.Insts.CoreSliceIndexSliceIndexStrStr.index
FailClosedKernel.lean	361	core.ops.range.RangeFromUsize.Insts.CoreSliceIndexSliceIndexStrStr.get_unchecked_mut
FailClosedKernel.lean	373	core.ops.range.RangeFromUsize.Insts.CoreSliceIndexSliceIndexStrStr.get_unchecked
FailClosedKernel.lean	385	core.ops.range.RangeFromUsize.Insts.CoreSliceIndexSliceIndexStrStr.get_mut
FailClosedKernel.lean	397	core.ops.range.RangeFromUsize.Insts.CoreSliceIndexSliceIndexStrStr.get
FieldsKernel.lean	25	core.iter.traits.iterator.Iterator.position.default
FieldsKernel.lean	38	core.num.error.TryFromIntError.Insts.CoreFmtDebug.fmt
FieldsKernel.lean	59	core.option.Option.Insts.CoreOpsTry_traitTry.branch
FieldsKernel.lean	70	core.option.Option.Insts.CoreOpsTry_traitFromResidualOptionInfallible.from_residual
FieldsKernel.lean	79	core.result.Result.ok
FieldsKernel.lean	88	core.slice.iter.Iter.Insts.CoreIterTraitsIteratorIteratorSharedAT.position
FieldsKernel.lean	100	core.slice.iter.RSplit
FieldsKernel.lean	108	core.slice.iter.RSplit.Insts.CoreIterTraitsIteratorIteratorSharedASlice.next
FieldsKernel.lean	120	core.slice.Slice.rsplit
FieldsKernel.lean	138	core.slice.Slice.strip_prefix
FieldsKernel.lean	148	Slice.Insts.CoreSliceSlicePattern.as_slice
FlushKernel.lean	25	Isize.Insts.CoreHashHash.hash
FlushKernel.lean	33	Bool.Insts.CoreHashHash.hash
FoldKernel.lean	25	Shared1A.Insts.CoreCmpPartialOrdShared0B.lt
FoldKernel.lean	34	Shared1A.Insts.CoreCmpPartialOrdShared0B.ge
FoldKernel.lean	52	Slice.Insts.CoreCmpPartialOrdSlice.ge
FoldKernel.lean	61	Slice.Insts.CoreCmpPartialOrdSlice.lt
FoldKernel.lean	71	Slice.Insts.CoreCmpPartialOrdSlice.partial_cmp
FormKernel.lean	26	core.slice.iter.Iter.Insts.CoreIterTraitsIteratorIteratorSharedAT.any
FormKernel.lean	36	core.str.Str.is_empty
FormKernel.lean	43	core.str.Str.as_bytes
FormKernel.lean	50	core.str.Str.contains
FormKernel.lean	57	Str.Insts.CoreCmpPartialEqStr.eq
FormKernel.lean	74	alloc.vec.Vec.Insts.CoreCmpPartialEqShared0Slice.eq
GroupWindowKernel.lean	25	core.num.error.ParseIntError
GroupWindowKernel.lean	41	U64.Insts.CoreStrTraitsFromStrParseIntError.from_str
GroupWindowKernel.lean	59	core.result.Result.map
GroupWindowKernel.lean	69	core.result.Result.unwrap_or
GroupWindowKernel.lean	77	core.str.Str.parse
GroupWindowKernel.lean	87	core.str.Str.eq_ignore_ascii_case
GroupWindowKernel.lean	94	Str.Insts.CoreCmpPartialEqStr.eq
IndexValKernel.lean	26	core.num.error.TryFromIntError.Insts.CoreFmtDebug.fmt
KeyKernel.lean	26	core.cmp.Ordering.Insts.CoreCmpPartialEqOrdering.eq
KeyKernel.lean	34	U8.Insts.CoreFmtLowerHex.fmt
KeyKernel.lean	60	U8.Insts.CoreHashHash.hash
KeyKernel.lean	68	core.hint.must_use
KeyKernel.lean	75	core.option.Option.ok_or_else
KeyKernel.lean	85	Slice.Insts.CoreCmpOrd.cmp
KeyKernel.lean	94	alloc.fmt.format
KeyKernel.lean	101	bytes.bytes.Bytes
KeyKernel.lean	108	bytes.bytes.Bytes.len
KeyKernel.lean	115	bytes.bytes.Bytes.copy_from_slice
KeyKernel.lean	123	bytes.bytes.Bytes.Insts.CoreCloneClone.clone
KeyKernel.lean	132	bytes.bytes.Bytes.Insts.CoreOpsDerefDerefSliceU8.deref
KeyKernel.lean	141	bytes.bytes.Bytes.Insts.CoreConvertAsRefSliceU8.as_ref
KeyKernel.lean	150	bytes.bytes.Bytes.Insts.CoreConvertFromVecU8.from
KeyKernel.lean	158	bytes.bytes.Bytes.Insts.CoreFmtDebug.fmt
LeaseKernel.lean	33	core.option.Option.unwrap_or_default
LeftoverPageKernel.lean	25	Shared1A.Insts.CoreCmpPartialOrdShared0B.lt
LeftoverPageKernel.lean	34	Shared1A.Insts.CoreCmpPartialOrdShared0B.ge
LeftoverPageKernel.lean	52	Slice.Insts.CoreCmpPartialOrdSlice.ge
LeftoverPageKernel.lean	61	Slice.Insts.CoreCmpPartialOrdSlice.lt
LeftoverPageKernel.lean	71	Slice.Insts.CoreCmpPartialOrdSlice.partial_cmp
LeftoverPageKernel.lean	94	alloc.vec.Vec.truncate
LeftoverPageKernel.lean	103	alloc.vec.Vec.as_slice
LevelingKernel.lean	25	Shared1A.Insts.CoreCmpPartialOrdShared0B.ge
LevelingKernel.lean	34	Shared1A.Insts.CoreCmpPartialOrdShared0B.le
LevelingKernel.lean	43	Shared1A.Insts.CoreCmpPartialOrdShared0B.lt
LevelingKernel.lean	53	Shared1A.Insts.CoreCmpPartialOrdShared0B.partial_cmp
LevelingKernel.lean	85	Shared0A.Insts.CoreCmpOrd.cmp
LevelingKernel.lean	106	Shared0T.Insts.CoreConvertAsRef.as_ref
LevelingKernel.lean	123	core.iter.adapters.filter.Filter
LevelingKernel.lean	130	core.iter.traits.iterator.Iterator.sum.default
LevelingKernel.lean	141	core.iter.traits.iterator.Iterator.min.default
LevelingKernel.lean	152	core.iter.traits.iterator.Iterator.max.default
LevelingKernel.lean	163	core.iter.traits.iterator.Iterator.all.default
LevelingKernel.lean	175	core.iter.traits.iterator.Iterator.filter.default
LevelingKernel.lean	187	core.iter.traits.iterator.Iterator.map.default
LevelingKernel.lean	200	core.iter.adapters.filter.Filter.Insts.CoreIterTraitsIteratorIterator.next
LevelingKernel.lean	235	core.iter.adapters.map.Map.Insts.CoreIterTraitsIteratorIterator.next
LevelingKernel.lean	267	U64.Insts.CoreIterTraitsAccumSumU64.sum
LevelingKernel.lean	288	core.num.U64.saturating_mul
LevelingKernel.lean	295	core.num.U64.saturating_pow
LevelingKernel.lean	302	core.num.U64.wrapping_pow
LevelingKernel.lean	309	core.option.OptionShared0T.cloned
LevelingKernel.lean	319	core.option.Option.Insts.CoreOpsTry_traitTry.branch
LevelingKernel.lean	330	core.option.Option.Insts.CoreOpsTry_traitFromResidualOptionInfallible.from_residual
LevelingKernel.lean	360	Slice.Insts.CoreCmpPartialOrdSlice.ge
LevelingKernel.lean	369	Slice.Insts.CoreCmpPartialOrdSlice.le
LevelingKernel.lean	378	Slice.Insts.CoreCmpPartialOrdSlice.lt
LevelingKernel.lean	388	Slice.Insts.CoreCmpPartialOrdSlice.partial_cmp
LevelingKernel.lean	412	Slice.Insts.CoreCmpOrd.cmp
LevelingKernel.lean	435	core.slice.iter.Iter.Insts.CoreIterTraitsIteratorIteratorSharedAT.all
LevelingKernel.lean	445	core.slice.iter.Windows
LevelingKernel.lean	453	core.slice.iter.Windows.Insts.CoreIterTraitsIteratorIteratorSharedASlice.next
LevelingKernel.lean	480	core.slice.Slice.first
LevelingKernel.lean	487	core.slice.Slice.windows
LevelingKernel.lean	495	core.str.Str.trim
LevelingKernel.lean	502	Str.Insts.CoreCmpPartialEqStr.eq
LevelingKernel.lean	518	std.ffi.os_str.OsStr
LevelingKernel.lean	525	std.ffi.os_str.OsString
LevelingKernel.lean	541	std.env.var
LevelingKernel.lean	552	Str.Insts.CoreConvertAsRefOsStr.as_ref
LevelingKernel.lean	570	alloc.slice.Slice.sort_by
LevelingKernel.lean	581	alloc.string.String.Insts.CoreOpsDerefDerefStr.deref
LevelingKernel.lean	589	alloc.vec.Vec.as_slice
LevelingKernel.lean	597	alloc.vec.Vec.Insts.CoreCmpOrd.cmp
LocktabKernel.lean	33	core.borrow.Borrow.Blanket.borrow
LocktabKernel.lean	57	U64.Insts.CoreHashHash.hash
LocktabKernel.lean	74	std.collections.hash.map.HashMap
LocktabKernel.lean	83	std.collections.hash.map.HashMap.get
LocktabKernel.lean	96	std.collections.hash.set.HashSet
LocktabKernel.lean	103	std.hash.random.RandomState
LocktabKernel.lean	111	std.collections.hash.set.HashSetTRandomStateGlobal.new
LocktabKernel.lean	122	std.collections.hash.set.HashSet.insert
LocktabKernel.lean	134	std.hash.random.DefaultHasher
LocktabKernel.lean	142	std.hash.random.DefaultHasher.Insts.CoreHashHasher.finish
LocktabKernel.lean	151	std.hash.random.DefaultHasher.Insts.CoreHashHasher.write
LocktabKernel.lean	173	std.hash.random.RandomState.Insts.CoreHashBuildHasherDefaultHasher.build_hasher
LocktabKernel.lean	195	bytes.bytes.Bytes
LocktabKernel.lean	202	bytes.bytes.Bytes.Insts.CoreHashHash.hash
LocktabKernel.lean	222	bytes.bytes.Bytes.Insts.CoreCmpPartialEqBytes.eq
LsmR1Kernel.lean	26	core.option.Option.Insts.CoreCmpPartialEqOption.eq
LsmR1Kernel.lean	218	level_distinct
LsmR1Kernel.lean	223	inv_lsm
MagicKernel.lean	42	core.ops.range.RangeFull.Insts.CoreSliceIndexSliceIndexSliceSlice.index_mut
MagicKernel.lean	54	core.ops.range.RangeFull.Insts.CoreSliceIndexSliceIndexSliceSlice.index
MagicKernel.lean	63	core.ops.range.RangeFull.Insts.CoreSliceIndexSliceIndexSliceSlice.get_unchecked_mut
MagicKernel.lean	75	core.ops.range.RangeFull.Insts.CoreSliceIndexSliceIndexSliceSlice.get_unchecked
MagicKernel.lean	87	core.ops.range.RangeFull.Insts.CoreSliceIndexSliceIndexSliceSlice.get_mut
MagicKernel.lean	98	core.ops.range.RangeFull.Insts.CoreSliceIndexSliceIndexSliceSlice.get
ManifestKernel.lean	25	Isize.Insts.CoreHashHash.hash
ManifestKernel.lean	33	U64.Insts.CoreHashHash.hash
MergeKernel.lean	25	Shared1A.Insts.CoreCmpPartialOrdShared0B.lt
MergeKernel.lean	34	Shared1A.Insts.CoreCmpPartialOrdShared0B.le
MergeKernel.lean	43	Shared1A.Insts.CoreCmpPartialOrdShared0B.gt
MergeKernel.lean	52	Shared1A.Insts.CoreCmpPartialOrdShared0B.ge
MergeKernel.lean	80	Slice.Insts.CoreCmpPartialOrdSlice.ge
MergeKernel.lean	89	Slice.Insts.CoreCmpPartialOrdSlice.gt
MergeKernel.lean	98	Slice.Insts.CoreCmpPartialOrdSlice.le
MergeKernel.lean	107	Slice.Insts.CoreCmpPartialOrdSlice.lt
MergeKernel.lean	117	Slice.Insts.CoreCmpPartialOrdSlice.partial_cmp
MergeKernel.lean	142	bytes.bytes.Bytes
MergeKernel.lean	149	bytes.bytes.Bytes.copy_from_slice
MergeKernel.lean	158	bytes.bytes.Bytes.Insts.CoreConvertAsRefSliceU8.as_ref
PathKernel.lean	25	core.num.U8.is_ascii_digit
PathKernel.lean	40	core.option.Option.map
PathKernel.lean	50	core.option.Option.map_or
PathKernel.lean	60	core.option.Option.filter
PathKernel.lean	71	core.option.Option.Insts.CoreOpsTry_traitTry.branch
PathKernel.lean	82	core.option.Option.Insts.CoreOpsTry_traitFromResidualOptionInfallible.from_residual
PathKernel.lean	91	core.slice.ascii.SliceU8.eq_ignore_ascii_case
PathKernel.lean	110	core.str.iter.Bytes
PathKernel.lean	118	core.str.iter.Bytes.Insts.CoreIterTraitsIteratorIteratorU8.all
PathKernel.lean	128	core.str.Str.len
PathKernel.lean	135	core.str.Str.is_empty
PathKernel.lean	142	core.str.Str.as_bytes
PathKernel.lean	149	core.str.Str.bytes
PathKernel.lean	156	core.str.Str.find
PathKernel.lean	164	core.str.Str.split_once
PathKernel.lean	167	core.str.Str.rsplit_once
PathKernel.lean	175	core.str.Str.strip_prefix
PathKernel.lean	183	core.str.Str.eq_ignore_ascii_case
PathKernel.lean	190	Str.Insts.CoreCmpPartialEqStr.eq
PathKernel.lean	206	Str.Insts.CoreOpsIndexIndex.index
PathKernel.lean	218	core.ops.range.RangeToUsize.Insts.CoreSliceIndexSliceIndexStrStr.index_mut
PathKernel.lean	228	core.ops.range.RangeToUsize.Insts.CoreSliceIndexSliceIndexStrStr.index
PathKernel.lean	237	core.ops.range.RangeToUsize.Insts.CoreSliceIndexSliceIndexStrStr.get_unchecked_mut
PathKernel.lean	248	core.ops.range.RangeToUsize.Insts.CoreSliceIndexSliceIndexStrStr.get_unchecked
PathKernel.lean	260	core.ops.range.RangeToUsize.Insts.CoreSliceIndexSliceIndexStrStr.get_mut
PathKernel.lean	271	core.ops.range.RangeToUsize.Insts.CoreSliceIndexSliceIndexStrStr.get
PathKernel.lean	301	core.ops.range.RangeFromUsize.Insts.CoreSliceIndexSliceIndexStrStr.index_mut
PathKernel.lean	312	core.ops.range.RangeFromUsize.Insts.CoreSliceIndexSliceIndexStrStr.index
PathKernel.lean	321	core.ops.range.RangeFromUsize.Insts.CoreSliceIndexSliceIndexStrStr.get_unchecked_mut
PathKernel.lean	333	core.ops.range.RangeFromUsize.Insts.CoreSliceIndexSliceIndexStrStr.get_unchecked
PathKernel.lean	345	core.ops.range.RangeFromUsize.Insts.CoreSliceIndexSliceIndexStrStr.get_mut
PathKernel.lean	357	core.ops.range.RangeFromUsize.Insts.CoreSliceIndexSliceIndexStrStr.get
PathKernel.lean	387	core.ops.range.RangeToInclusiveUsize.Insts.CoreSliceIndexSliceIndexStrStr.index_mut
PathKernel.lean	399	core.ops.range.RangeToInclusiveUsize.Insts.CoreSliceIndexSliceIndexStrStr.index
PathKernel.lean	409	core.ops.range.RangeToInclusiveUsize.Insts.CoreSliceIndexSliceIndexStrStr.get_unchecked_mut
PathKernel.lean	421	core.ops.range.RangeToInclusiveUsize.Insts.CoreSliceIndexSliceIndexStrStr.get_unchecked
PathKernel.lean	433	core.ops.range.RangeToInclusiveUsize.Insts.CoreSliceIndexSliceIndexStrStr.get_mut
PathKernel.lean	445	core.ops.range.RangeToInclusiveUsize.Insts.CoreSliceIndexSliceIndexStrStr.get
PrefixKernel.lean	25	Shared1A.Insts.CoreCmpPartialOrdShared0B.lt
PrefixKernel.lean	43	Slice.Insts.CoreCmpPartialOrdSlice.lt
PrefixKernel.lean	53	Slice.Insts.CoreCmpPartialOrdSlice.partial_cmp
PrefixKernel.lean	75	core.slice.Slice.starts_with
PrefixKernel.lean	84	alloc.vec.Vec.pop
ProbeOrderKernel.lean	25	Shared1A.Insts.CoreCmpPartialOrdShared0B.lt
ProbeOrderKernel.lean	34	Shared1A.Insts.CoreCmpPartialOrdShared0B.le
ProbeOrderKernel.lean	43	Shared1A.Insts.CoreCmpPartialOrdShared0B.ge
ProbeOrderKernel.lean	52	core.iter.traits.iterator.Iterator.all.default
ProbeOrderKernel.lean	73	Slice.Insts.CoreCmpPartialOrdSlice.ge
ProbeOrderKernel.lean	82	Slice.Insts.CoreCmpPartialOrdSlice.le
ProbeOrderKernel.lean	91	Slice.Insts.CoreCmpPartialOrdSlice.lt
ProbeOrderKernel.lean	101	Slice.Insts.CoreCmpPartialOrdSlice.partial_cmp
ProductCrownKernel.lean	26	core.option.Option.Insts.CoreCmpPartialEqOption.eq
PropertiesKernel.lean	26	core.option.Option.Insts.CoreCmpPartialEqOption.eq
ReopenKernel.lean	25	Isize.Insts.CoreHashHash.hash
ScaleKernel.lean	26	U64.Insts.CoreConvertTryFromU128TryFromIntError.try_from
ScaleKernel.lean	36	core.num.U64.saturating_mul
ScaleKernel.lean	43	core.num.U128.saturating_mul
ScaleKernel.lean	50	core.num.U64.div_ceil
ScaleKernel.lean	57	core.result.Result.unwrap_or
ScanKernel.lean	25	Shared1A.Insts.CoreCmpPartialOrdShared0B.lt
ScanKernel.lean	34	Shared1A.Insts.CoreCmpPartialOrdShared0B.le
ScanKernel.lean	43	Shared1A.Insts.CoreCmpPartialOrdShared0B.gt
ScanKernel.lean	52	Shared1A.Insts.CoreCmpPartialOrdShared0B.ge
ScanKernel.lean	80	Slice.Insts.CoreCmpPartialOrdSlice.ge
ScanKernel.lean	89	Slice.Insts.CoreCmpPartialOrdSlice.gt
ScanKernel.lean	98	Slice.Insts.CoreCmpPartialOrdSlice.le
ScanKernel.lean	107	Slice.Insts.CoreCmpPartialOrdSlice.lt
ScanKernel.lean	117	Slice.Insts.CoreCmpPartialOrdSlice.partial_cmp
ScanKernel.lean	143	core.slice.iter.Iter.Insts.CoreIterTraitsIteratorIteratorSharedAT.any
StoreVoteKernel.lean	25	core.option.Option.Insts.CoreFmtDebug.fmt
VoteKernel.lean	25	core.option.Option.Insts.CoreFmtDebug.fmt
WalRecoverKernel.lean	25	Isize.Insts.CoreHashHash.hash
WorldKernel.lean	33	core.borrow.Borrow.Blanket.borrow
WorldKernel.lean	48	Shared0T.Insts.CoreFmtDisplay.fmt
WorldKernel.lean	67	Str.Insts.CoreFmtDisplay.fmt
WorldKernel.lean	110	U64.Insts.CoreHashHash.hash
WorldKernel.lean	127	Pair.Insts.CoreHashHash.hash
WorldKernel.lean	147	core.hint.must_use
WorldKernel.lean	154	Str.Insts.CoreCmpPartialEqStr.eq
WorldKernel.lean	161	Pair.Insts.CoreCmpPartialEqPair.eq
WorldKernel.lean	191	std.collections.hash.map.HashMap
WorldKernel.lean	199	std.hash.random.RandomState
WorldKernel.lean	207	std.collections.hash.map.HashMapKVRandomStateGlobal.new
WorldKernel.lean	218	std.collections.hash.map.HashMap.get
WorldKernel.lean	232	std.collections.hash.map.HashMap.insert
WorldKernel.lean	244	std.hash.random.DefaultHasher
WorldKernel.lean	252	std.hash.random.DefaultHasher.Insts.CoreHashHasher.finish
WorldKernel.lean	261	std.hash.random.DefaultHasher.Insts.CoreHashHasher.write
WorldKernel.lean	283	std.hash.random.RandomState.Insts.CoreHashBuildHasherDefaultHasher.build_hasher
WorldKernel.lean	305	alloc.fmt.format
WorldKernel.lean	370	str_to_string
WriteAckKernel.lean	25	core.iter.traits.iterator.Iterator.all.default
WriteCycleKernel.lean	25	core.array.iter.IntoIter
WriteCycleKernel.lean	33	Array.Insts.CoreIterTraitsCollectIntoIteratorTIntoIter.into_iter
WriteCycleKernel.lean	43	core.array.iter.IntoIter.Insts.CoreIterTraitsIteratorIterator.next
WriteCycleKernel.lean	53	Shared0T.Insts.CoreFmtDisplay.fmt
WriteCycleKernel.lean	72	Str.Insts.CoreFmtDisplay.fmt
WriteCycleKernel.lean	106	core.hint.must_use
WriteCycleKernel.lean	113	core.num.I64.saturating_mul
WriteCycleKernel.lean	120	core.num.U64.saturating_mul
WriteCycleKernel.lean	127	core.option.Option.Insts.CoreFmtDebug.fmt
WriteCycleKernel.lean	146	core.option.Option.map_or_else
WriteCycleKernel.lean	157	core.option.Option.and_then
WriteCycleKernel.lean	168	core.option.Option.Insts.CoreCmpPartialEqOption.eq
WriteCycleKernel.lean	177	alloc.fmt.format
WriteCycleKernel.lean	184	alloc.string.String.Insts.CoreFmtDisplay.fmt
WriteCycleKernel.lean	202	alloc.string.ToString.Blanket.to_string
